{
    "train": {
        "accuracy": 9.816281951693414,
        "loss": 0.8310183610651305
    },
    "val": {
        "accuracy": 9.421913789626982,
        "loss": 0.07585329808954455
    },
    "step": 9
}
