step	accuracy
0	0.2816229306251442
1	1.3895082203881923
2	2.956646851360858
3	3.484553826596624
4	4.678422881890787
5	5.28238376263157
6	6.013988260232011
7	7.3830779286932495
8	8.46944054320743
9	9.816281951693414
