step	loss
0	9.20770646040203
1	8.640390845531579
2	7.108034504442225
3	6.569305538582465
4	5.398715532356205
5	4.198695582347132
6	3.6167820521943588
7	2.830090698232117
8	1.4727438989083788
9	0.8310183610651305
